question,answer
which vegetables in the picture are commonly carved into decorative lanterns called jack-o'-lanterns for the Halloween season and original from america,pumpkin
Which vegetables in the picture are the parent of the cinderella and that can be eaten raw or cooked,pumpkin
Which vegetables in the picture contain the hybrid pam subcategory and has shape round,pumpkin
which vegetables in the picture are commonly carved into decorative lanterns called jack-o'-lanterns for the Halloween season and are yellow,pumpkin
which vegetables in the picture are commonly carved into decorative lanterns called jack-o'-lanterns for the Halloween season and has taste sweet,pumpkin
Which vegetables in the picture are the parent of the orangita and the common edible parts are fruits,pumpkin
Which vegetables in the picture contain the cinderella subcategory and has nutrition carotenoids,pumpkin
Which vegetables in the picture contain the cinderella subcategory and original from mexico,pumpkin
Which vegetables in the picture are the parent of the orangita and is category of fruits vegetables,pumpkin
